0.072	12	packages/workbench/tests/test_benchmark_attempts.py
0.003	4	packages/workbench/tests/test_build_candidate_totals.py
0.038	12	packages/workbench/tests/test_cadence.py
0.019	14	packages/workbench/tests/test_delivery.py
0.015	5	packages/workbench/tests/test_historical_summary_audit.py
0.005	1	packages/workbench/tests/test_layout_gallery.py
0.037	9	packages/workbench/tests/test_summarize_annealing.py
0.035	14	packing/tests/test_analyze_bc303_h162_receipt.py
0.085	8	packing/tests/test_angle_grid_source_control.py
0.276	7	packing/tests/test_assembly_coverage.py
1.06	2	packing/tests/test_audit_n54_source_formula.py
0.424	13	packing/tests/test_bc303_t2_charge_sweep.py
2.968	2	packing/tests/test_bc303_t2_geometry_control.py
0.006	7	packing/tests/test_bead_tree.py
1.02	9	packing/tests/test_bentz13.py
3.302	6	packing/tests/test_bentz2016_tools.py
0.086	3	packing/tests/test_bentz46.py
0.196	12	packing/tests/test_calibration_boundary.py
6.594	53	packing/tests/test_campaign_tools.py
0.203	8	packing/tests/test_census_tight_cells.py
0.095	9	packing/tests/test_check_angle_grid_source_control.py
0.677	16	packing/tests/test_check_angle_near_axis_control.py
0.163	69	packing/tests/test_check_closed_polygon_cover.py
0.868	11	packing/tests/test_check_declared_bounds.py
0.648	22	packing/tests/test_check_h124_cover_source.py
0.589	4	packing/tests/test_check_katex.py
0.155	10	packing/tests/test_check_near45_localization.py
0.012	2	packing/tests/test_check_robust_outer_corner_incompatibility.py
2.141	6	packing/tests/test_check_svg_rendering.py
1.926	13	packing/tests/test_chunk_components.py
4.052	21	packing/tests/test_closed_polygon_cover.py
0.038	12	packing/tests/test_codex_log_rollup.py
0.155	22	packing/tests/test_codex_rollup_consumers.py
0.296	12	packing/tests/test_colgen_checkpoint.py
0.565	9	packing/tests/test_compare_math_fonts.py
0.029	15	packing/tests/test_composite_figure_displays.py
5.284	12	packing/tests/test_compress_threshold_certificate.py
4.564	4	packing/tests/test_contact_enumeration_pricing.py
0.124	7	packing/tests/test_contact_full_cell_execution.py
0.005	1	packing/tests/test_contact_scaffold_atlas.py
0.314	7	packing/tests/test_core_shrink.py
0.406	6	packing/tests/test_corner_ownership_audit.py
0.006	8	packing/tests/test_cover.py
0.225	10	packing/tests/test_covering_queue.py
2.9	6	packing/tests/test_cpu_durations.py
0.06	11	packing/tests/test_deep_gate_workflow.py
22.688	27	packing/tests/test_density_face_verifier.py
0.153	25	packing/tests/test_derive_kingbird_facts.py
10.73	29	packing/tests/test_dilation_corollary.py
0.003	1	packing/tests/test_documentation_links.py
0.039	21	packing/tests/test_el_moumni7_case1.py
0.068	6	packing/tests/test_exact_construction_price.py
0.003	2	packing/tests/test_exact_contracts.py
0.349	10	packing/tests/test_exact_lp_infeasibility.py
0.69	6	packing/tests/test_falsify.py
0.03	1	packing/tests/test_field_preconditions.py
0.581	47	packing/tests/test_fixed_core_calibration_profiles.py
28.89	96	packing/tests/test_fixed_core_packet_calibration.py
0.131	9	packing/tests/test_fixed_site_completion.py
0.123	16	packing/tests/test_fold_ceiling_family.py
0.02	16	packing/tests/test_font_provenance.py
1.249	102	packing/tests/test_fractional_adaptive_io.py
0.24	19	packing/tests/test_fractional_ceiling.py
13.739	51	packing/tests/test_fractional_certificate.py
0.123	15	packing/tests/test_fractional_classcert.py
12.668	39	packing/tests/test_fractional_corner_clip.py
0.128	18	packing/tests/test_fractional_cutting.py
0.286	14	packing/tests/test_fractional_generate.py
9.599	29	packing/tests/test_fractional_interval.py
12.936	16	packing/tests/test_fractional_sweep_integer.py
1.352	12	packing/tests/test_fractional_sweep_oracle.py
13.787	33	packing/tests/test_fractional_threshold_interval.py
0.308	4	packing/tests/test_freeze_cutting_primal.py
1.405	7	packing/tests/test_frontier_assurance_contract.py
11.434	18	packing/tests/test_frontier_rigidity_assessment.py
9.705	9	packing/tests/test_frontier_rigidity_contract.py
2.042	23	packing/tests/test_full_size_density_faces.py
0.021	3	packing/tests/test_full_size_density_pair_separator_review.py
0.116	4	packing/tests/test_full_size_density_support_ceiling.py
1.942	33	packing/tests/test_full_size_density_support_screen_review.py
5.386	21	packing/tests/test_gate_repetition.py
0.007	2	packing/tests/test_golden_basins.py
0.082	33	packing/tests/test_h124_cover_source.py
0.03	13	packing/tests/test_identity_relation.py
0.096	18	packing/tests/test_kernel_axis_lp.py
0.042	4	packing/tests/test_kernel_axis_lp_integration.py
10.225	28	packing/tests/test_kingbird_catalogue.py
3.932	2	packing/tests/test_kingbird_live_audit.py
1.409	4	packing/tests/test_known_best_contact_overlays.py
0.862	7	packing/tests/test_known_best_n011_rational_control.py
0.015	10	packing/tests/test_log_rollup.py
0.537	28	packing/tests/test_math_loading.py
0.76	10	packing/tests/test_measure_threshold_net_refinement.py
0.002	1	packing/tests/test_minus_w_row_jets.py
0.01	9	packing/tests/test_minus_w_scale.py
0.027	3	packing/tests/test_minus_w_sheet.py
0.423	7	packing/tests/test_motion_lab_interactive.py
0.123	9	packing/tests/test_motion_lab_page_checker.py
10.774	10	packing/tests/test_motion_lab_shell.py
1.983	4	packing/tests/test_motion_lab_trace.py
10.59	17	packing/tests/test_multi_owner_domains.py
0.316	14	packing/tests/test_n050_exact.py
0.107	6	packing/tests/test_n050_exact_independent.py
0.008	3	packing/tests/test_n11_corner_class_certificate.py
0.602	25	packing/tests/test_n11_thirdparty_verify.py
4.576	7	packing/tests/test_n11_threshold_certificate.py
0.178	11	packing/tests/test_n17_weighted_certificate.py
1.466	11	packing/tests/test_n17_weighted_certificate_child.py
2.032	7	packing/tests/test_n17_weighted_certificate_parallel.py
3.1	16	packing/tests/test_n40_rigidity.py
7.384	52	packing/tests/test_n54_source_contract.py
2.407	19	packing/tests/test_nagamochi_bounds.py
0.081	18	packing/tests/test_near45_localization.py
4.205	7	packing/tests/test_owner_footprints.py
0.008	9	packing/tests/test_pr_description.py
0.606	6	packing/tests/test_pr_rollup_results_section.py
0.233	73	packing/tests/test_pr_wall.py
1.151	18	packing/tests/test_prepare_explainer_math.py
0.821	11	packing/tests/test_price_solved_support_candidates.py
0.02	4	packing/tests/test_price_stage1_chunks.py
0.031	1	packing/tests/test_promote_interval_verify.py
0.901	1	packing/tests/test_promote_refine.py
1.254	1	packing/tests/test_promote_roundtrip.py
0.069	1	packing/tests/test_promote_solve.py
0.049	4	packing/tests/test_prospective_source_map.py
57.058	66	packing/tests/test_read_fixed_core_calibration_profile.py
0.099	6	packing/tests/test_readme.py
0.062	7	packing/tests/test_regenerate_sites1_checkpoint.py
0.021	8	packing/tests/test_regression_diagnostics.py
3.176	15	packing/tests/test_render_colors.py
0.732	70	packing/tests/test_render_explainer_pdf.py
6.634	4	packing/tests/test_render_wave_efficiency.py
9.302	11	packing/tests/test_replay_bc303_t1_witness.py
0.03	4	packing/tests/test_replay_ceiling_family.py
8.774	5	packing/tests/test_replay_h157_geometry.py
0.923	5	packing/tests/test_replay_owner_footprint_cover.py
1.436	36	packing/tests/test_report_math_startup.py
0.041	10	packing/tests/test_research_contracts.py
4.575	8	packing/tests/test_restricted_orientation_discriminator.py
0.103	11	packing/tests/test_restricted_orientation_discriminator_review.py
4.257	17	packing/tests/test_results_register.py
1.174	4	packing/tests/test_run_arm_sweep.py
0.969	22	packing/tests/test_run_full_size_density_graph.py
2.953	9	packing/tests/test_run_owner_footprint_cover.py
0.089	9	packing/tests/test_run_relational_colgen.py
1.278	7	packing/tests/test_run_residual_cover_pilot.py
0.526	54	packing/tests/test_sans_instances.py
33.514	994	packing/tests/test_schema_validator_equivalence.py
1.119	9	packing/tests/test_screen_corner_dual_salvage.py
0.565	4	packing/tests/test_site_merge.py
0.27	11	packing/tests/test_stromquist_five_point_obstruction.py
0.834	4	packing/tests/test_stromquist_memo1.py
1.122	23	packing/tests/test_suite_files.py
3.28	32	packing/tests/test_threshold_compression.py
0.042	8	packing/tests/test_threshold_separation.py
7.075	11	packing/tests/test_translation_escape_screen.py
9.14	5	packing/tests/test_trump_isolation_radius.py
0.158	5	packing/tests/test_uniform_cell.py
0.332	7	packing/tests/test_uniform_cell_check.py
0.878	38	packing/tests/test_unitsquare_precision.py
1.04	35	packing/tests/test_unitsquare_precision_production.py
1.09	27	packing/tests/test_unitsquare_precision_semantics.py
0.082	25	packing/tests/test_validation_report.py
1.287	5	packing/tests/test_validation_timing.py
0.026	16	packing/tests/test_verified_merge_tree.py
5.104	6	packing/tests/test_verified_upper_bound_contract.py
0.274	6	packing/tests/test_verify_residual_cover_pilot.py
0.009	10	packing/tests/test_wait_for_run_artifact.py
7.779	9	packing/tests/test_wall_owner_containment.py
0.381	21	packing/tests/test_wall_owner_parent_compatibility.py
0.238	8	packing/tests/test_wall_owner_six_dot_cover.py
4.419	10	packing/tests/test_wall_owner_sixth_site_feasibility.py
0.261	10	packing/tests/test_wall_owner_sixth_site_screen.py
0.176	72	packing/tests/test_weighted_threshold_atoms.py
0.103	8	packing/tests/test_witness_cli.py
0.005	4	packing/tests/test_witness_in_the_centre_domain.py
1.568	1	packing/tests/test_witness_interval.py
0.009	6	packing/tests/test_work_accounting.py
2.1	22	packages/workbench/tests/test_ascent_and_strategies.py
0.1	54	packages/workbench/tests/test_benchmark_admission.py
0.053	21	packages/workbench/tests/test_block_report.py
0.023	4	packages/workbench/tests/test_build_site_check.py
0.736	2	packages/workbench/tests/test_build_site_inputs.py
0.481	27	packages/workbench/tests/test_capture_and_export.py
6.084	2	packages/workbench/tests/test_catalogue_precision.py
0.071	74	packages/workbench/tests/test_check_layout.py
0.013	11	packages/workbench/tests/test_check_page_policy.py
0.1	28	packages/workbench/tests/test_citations.py
0.042	32	packages/workbench/tests/test_packing_validity.py
1.565	48	packages/workbench/tests/test_python_contract_repairs.py
1.868	7	packages/workbench/tests/test_record_reference_tolerance.py
0.022	32	packages/workbench/tests/test_self_contained.py
0.024	18	packages/workbench/tests/test_transitions.py
3.315	16	packing/tests/test_admit_fixed_support_dual.py
0.037	20	packing/tests/test_admit_threshold_atom_orbits.py
14.476	27	packing/tests/test_admit_threshold_compression.py
0.601	16	packing/tests/test_agenda_map.py
0.181	19	packing/tests/test_angle_near45_triangle_control.py
0.473	8	packing/tests/test_angle_near_axis_control.py
0.02	5	packing/tests/test_angle_source_control.py
0.286	13	packing/tests/test_angle_tile_certificate.py
0.057	6	packing/tests/test_audit_corner_dual_salvage.py
2.565	23	packing/tests/test_audit_ds7_lower_bounds.py
0.071	7	packing/tests/test_bench_colgen.py
1.685	55	packing/tests/test_bound_citations.py
3.067	8	packing/tests/test_bui_integer_count.py
0.015	10	packing/tests/test_bui_local_inequalities.py
3.431	60	packing/tests/test_campaign_runner_trust_boundary.py
0.073	23	packing/tests/test_case_prose.py
0.87	11	packing/tests/test_certificate_citations.py
12.01	20	packing/tests/test_certificate_reach.py
0.064	18	packing/tests/test_change_scoped_selection.py
0.367	22	packing/tests/test_check_angle_near45_triangle_control.py
2.939	18	packing/tests/test_check_archive_annotations.py
0.35	7	packing/tests/test_check_class_record_claims.py
0.257	12	packing/tests/test_check_diamond_cover_witness.py
0.246	14	packing/tests/test_check_full_square_compatibility.py
0.161	76	packing/tests/test_check_geometric_graph_certificate.py
0.214	16	packing/tests/test_check_h124_collision_source.py
0.774	3	packing/tests/test_check_instrument_normalization.py
0.076	55	packing/tests/test_check_kernel_axis_lp.py
0.009	9	packing/tests/test_check_math_spans.py
0.009	1	packing/tests/test_check_n11_selection_routing.py
0.03	12	packing/tests/test_check_p12_escape_candidate.py
0.83	41	packing/tests/test_check_print_layout.py
0.024	17	packing/tests/test_check_published_site.py
0.043	22	packing/tests/test_check_weighted_clique_certificate.py
0.125	20	packing/tests/test_checkpoint_manifest.py
2.701	6	packing/tests/test_chunk_taxonomy.py
0.07	20	packing/tests/test_codex_task_tree_delta.py
3.633	11	packing/tests/test_command_help.py
10.967	8	packing/tests/test_contact_assembly_labels.py
0.265	28	packing/tests/test_contact_full_cell.py
0.494	3	packing/tests/test_contact_full_cell_control.py
3.89	1	packing/tests/test_contact_isomorph_free_burnside.py
0.039	8	packing/tests/test_contact_realization.py
0.08	5	packing/tests/test_control_anchors.py
0.892	59	packing/tests/test_decide_certificate.py
2.257	19	packing/tests/test_decide_relational_certificate.py
5.229	24	packing/tests/test_decide_threshold_certificate.py
6.873	3	packing/tests/test_declare_least_cell_mass.py
1.297	18	packing/tests/test_density_slab_verifier.py
0.155	12	packing/tests/test_diamond_cover_screen.py
10.363	21	packing/tests/test_divide_and_concur.py
0.494	4	packing/tests/test_emission_precision.py
0.012	5	packing/tests/test_exact_jets.py
0.057	1	packing/tests/test_experiment_assurance_contract.py
6.157	66	packing/tests/test_explainer.py
22.289	138	packing/tests/test_fixed_core_packet.py
0.338	10	packing/tests/test_fractional_adaptive.py
1.205	32	packing/tests/test_fractional_threshold.py
0.47	10	packing/tests/test_frontier_rigidity_claim_contract.py
7.743	39	packing/tests/test_full_size_density_pair_separator.py
0.869	8	packing/tests/test_full_size_density_support_screen.py
0.279	13	packing/tests/test_full_square_compatibility.py
0.343	43	packing/tests/test_gate_budgets.py
6.791	63	packing/tests/test_generate_frontier_case.py
0.521	6	packing/tests/test_generated_table_typography.py
0.116	41	packing/tests/test_geometric_graph_certificate.py
0.521	6	packing/tests/test_gobel_family.py
9.013	8	packing/tests/test_gobel_family_construction.py
0.675	6	packing/tests/test_green17.py
0.372	41	packing/tests/test_h124_collision_source.py
0.006	4	packing/tests/test_incidence.py
0.909	1	packing/tests/test_incidence_cores.py
0.018	5	packing/tests/test_independent_ceiling_reader.py
0.275	19	packing/tests/test_independent_five_dot_union.py
0.04	12	packing/tests/test_integral_piercing.py
7.755	37	packing/tests/test_known_best_atlas.py
0.571	4	packing/tests/test_known_best_chunk_evidence.py
0.057	4	packing/tests/test_lint_floor_contract.py
0.168	22	packing/tests/test_math_startup.py
0.926	15	packing/tests/test_minimal_verify.py
9.601	17	packing/tests/test_module_boundaries.py
6.253	11	packing/tests/test_motion_lab.py
0.005	5	packing/tests/test_motion_lab_contracts.py
2.078	6	packing/tests/test_motion_lab_service.py
0.008	7	packing/tests/test_motion_lab_snap.py
2.954	13	packing/tests/test_n050_producer_refusal.py
1.009	8	packing/tests/test_n050_producer_refusal_independent.py
0.174	3	packing/tests/test_n12_replay_independent.py
9.002	5	packing/tests/test_n17_external_weighted_certificates.py
0.173	6	packing/tests/test_n17_weighted_certificate_resume.py
3.415	16	packing/tests/test_n17_weighted_certificate_successor.py
6.732	20	packing/tests/test_n54_source_contract_independent.py
8.049	30	packing/tests/test_n5_local_rigidity.py
8.398	15	packing/tests/test_n5_rigidity.py
32.066	23	packing/tests/test_negative_controls.py
0.795	115	packing/tests/test_no_embedded_js_contract.py
0.395	6	packing/tests/test_outer_pair_corner_audit.py
0.132	17	packing/tests/test_outer_segment_pair_screen.py
0.012	2	packing/tests/test_owner_five_dot_figure.py
0.029	13	packing/tests/test_p12_escape_candidate.py
1.541	14	packing/tests/test_pages_scope.py
1.801	27	packing/tests/test_pages_workflow.py
0.004	6	packing/tests/test_pdf_math_browser.py
0.127	4	packing/tests/test_perturbed_density_control.py
0.078	5	packing/tests/test_pierce_t018_sites.py
4.986	16	packing/tests/test_plateau_reader.py
0.003	3	packing/tests/test_polish_ceiling_family.py
0.039	5	packing/tests/test_price_cutting_state_dual.py
0.261	22	packing/tests/test_produce_threshold_certificate.py
0.953	1	packing/tests/test_promote_contacts.py
0.02	1	packing/tests/test_promote_krawczyk.py
1.598	1	packing/tests/test_promote_relax.py
0.046	9	packing/tests/test_prospective_atlas_seed.py
7.371	30	packing/tests/test_reachable_tests.py
0.048	4	packing/tests/test_read_bc303_parent_union.py
0.022	10	packing/tests/test_read_tier_walls.py
0.452	11	packing/tests/test_release.py
0.005	2	packing/tests/test_render_angle_hue_registry.py
0.475	46	packing/tests/test_render_explainer_fonts.py
0.015	8	packing/tests/test_render_motion.py
0.708	58	packing/tests/test_replay_weighted_atom_source.py
0.262	10	packing/tests/test_repo_scope.py
0.01	3	packing/tests/test_restricted_orientation_packet_boundary_review.py
3.778	9	packing/tests/test_restricted_orientation_packet_review.py
0.134	11	packing/tests/test_results_headline.py
0.003	2	packing/tests/test_retained_patches_apply.py
2.344	5	packing/tests/test_review_trump_local_theorem.py
1.158	3	packing/tests/test_rounded_measure_audit.py
1.19	2	packing/tests/test_run_basin_hopping.py
0.15	12	packing/tests/test_run_fractional_colgen.py
0.089	4	packing/tests/test_run_fractional_cutting.py
0.885	33	packing/tests/test_run_h124_cover.py
3.52	37	packing/tests/test_rung_figures.py
0.003	4	packing/tests/test_scroll_restoration.py
3.172	3	packing/tests/test_segment_cover_replay.py
0.372	12	packing/tests/test_session_clocks.py
4.423	59	packing/tests/test_session_gate.py
4.365	28	packing/tests/test_session_rollups.py
1.537	6	packing/tests/test_stromquist_memo3_n26.py
0.22	8	packing/tests/test_stromquist_n26_source_scores.py
3.886	7	packing/tests/test_stromquist_restricted_orientation.py
14.262	9	packing/tests/test_stromquist_restricted_orientation_review.py
3.202	33	packing/tests/test_synopsis_handoff.py
0.036	5	packing/tests/test_threshold_coverage_encoding.py
0.019	4	packing/tests/test_transport_ceiling_family.py
1.076	12	packing/tests/test_trump_support_adoption.py
0.527	9	packing/tests/test_uniform_cover.py
19.516	123	packing/tests/test_validation_cli.py
1.3	45	packing/tests/test_verify_claim.py
1.708	15	packing/tests/test_verify_fixed_core_calibration_runset.py
1.923	26	packing/tests/test_verify_threshold_claim.py
0.639	1	packing/tests/test_verify_threshold_claim_oracle.py
0.201	7	packing/tests/test_wall_owner_escape_compatibility.py
0.945	12	packing/tests/test_wall_owner_fixed_pattern.py
2.029	12	packing/tests/test_wall_owner_footprints.py
1.134	12	packing/tests/test_wall_owner_parent_experiment.py
52.893	23	packing/tests/test_wall_owner_parent_inputs.py
0.17	5	packing/tests/test_wall_owner_selected_cover.py
0.071	12	packing/tests/test_wall_owner_two_attainer_obstruction.py
0.058	63	packing/tests/test_weighted_clique_certificate.py
0.172	16	packing/tests/test_weighted_publication_refusals.py
0.933	1	packing/tests/test_witness_contract.py
